{
  "总收入": 2931.1000000000004,
  "总利润": 1334.7,
  "总订单": 6786,
  "平均利润率": 45.535805670226196,
  "课程数量": 49,
  "讲师数量": 33,
  "收入最高课程": "月度经营分析会",
  "利润最高课程": "月度经营分析会",
  "收入最高讲师": "高旭",
  "平均课程收入": 59.818367346938786,
  "平均课程利润": 27.238775510204082
}